[
    {
        "topicName": "NSI_1_3",
        "data": [
            {
                "id": "6419cc4a6998c479024fd030",
                "value": 7.88,
                "timestamp": 1679412298921
            },
            {
                "id": "6419cc6e6998c479024fd0b4",
                "value": 4.24,
                "timestamp": 1679412334957
            },
            {
                "id": "6419cc506998c479024fd046",
                "value": 9.5,
                "timestamp": 1679412304928
            },
            {
                "id": "6419cc616998c479024fd082",
                "value": 4.52,
                "timestamp": 1679412321444
            },
            {
                "id": "6419cc5b6998c479024fd06c",
                "value": 8.76,
                "timestamp": 1679412315438
            },
            {
                "id": "6419cc596998c479024fd067",
                "value": 7.83,
                "timestamp": 1679412313937
            },
            {
                "id": "6419cc6d6998c479024fd0ae",
                "value": 0.45,
                "timestamp": 1679412333455
            },
            {
                "id": "6419cc6a6998c479024fd0a3",
                "value": 6.16,
                "timestamp": 1679412330453
            },
            {
                "id": "6419cc626998c479024fd088",
                "value": 3.37,
                "timestamp": 1679412322946
            },
            {
                "id": "6419cc4d6998c479024fd03b",
                "value": 6.23,
                "timestamp": 1679412301925
            },
            {
                "id": "6419cc656998c479024fd093",
                "value": 8.83,
                "timestamp": 1679412325949
            },
            {
                "id": "6419cc4f6998c479024fd041",
                "value": 7.87,
                "timestamp": 1679412303427
            },
            {
                "id": "6419cc5c6998c479024fd072",
                "value": 8.1,
                "timestamp": 1679412316939
            },
            {
                "id": "6419cc536998c479024fd051",
                "value": 8.52,
                "timestamp": 1679412307930
            },
            {
                "id": "6419cc566998c479024fd05c",
                "value": 1.31,
                "timestamp": 1679412310934
            },
            {
                "id": "6419cc686998c479024fd09e",
                "value": 3.06,
                "timestamp": 1679412328952
            },
            {
                "id": "6419cc6b6998c479024fd0a9",
                "value": 9.84,
                "timestamp": 1679412331954
            },
            {
                "id": "6419cc526998c479024fd04c",
                "value": 4.13,
                "timestamp": 1679412306429
            },
            {
                "id": "6419cc646998c479024fd08d",
                "value": 1.03,
                "timestamp": 1679412324448
            },
            {
                "id": "6419cc586998c479024fd062",
                "value": 7.39,
                "timestamp": 1679412312435
            },
            {
                "id": "6419cc676998c479024fd098",
                "value": 7.48,
                "timestamp": 1679412327450
            },
            {
                "id": "6419cc4c6998c479024fd036",
                "value": 2.7,
                "timestamp": 1679412300424
            },
            {
                "id": "6419cc5f6998c479024fd07d",
                "value": 2.65,
                "timestamp": 1679412319943
            },
            {
                "id": "6419cc5e6998c479024fd077",
                "value": 4.16,
                "timestamp": 1679412318441
            },
            {
                "id": "6419cc476998c479024fd025",
                "value": 6.91,
                "timestamp": 1679412295917
            },
            {
                "id": "6419cc556998c479024fd057",
                "value": 3.44,
                "timestamp": 1679412309432
            },
            {
                "id": "6419cc496998c479024fd02b",
                "value": 8.2,
                "timestamp": 1679412297418
            },
            {
                "id": "6419cc466998c479024fd01f",
                "value": 9.86,
                "timestamp": 1679412294394
            }
        ]
    },
    {
        "topicName": "NSI_1_4",
        "data": [
            {
                "id": "6419cc6e6998c479024fd0b1",
                "value": 6.98,
                "timestamp": 1679412334036
            },
            {
                "id": "6419cc516998c479024fd04a",
                "value": 1.08,
                "timestamp": 1679412305953
            },
            {
                "id": "6419cc536998c479024fd050",
                "value": 9.09,
                "timestamp": 1679412307458
            },
            {
                "id": "6419cc606998c479024fd07e",
                "value": 7.24,
                "timestamp": 1679412319994
            },
            {
                "id": "6419cc656998c479024fd092",
                "value": 4.54,
                "timestamp": 1679412325510
            },
            {
                "id": "6419cc4a6998c479024fd02f",
                "value": 8.6,
                "timestamp": 1679412298426
            },
            {
                "id": "6419cc5e6998c479024fd079",
                "value": 2.39,
                "timestamp": 1679412318487
            },
            {
                "id": "6419cc616998c479024fd084",
                "value": 7.08,
                "timestamp": 1679412321499
            },
            {
                "id": "6419cc6b6998c479024fd0a6",
                "value": 1.95,
                "timestamp": 1679412331026
            },
            {
                "id": "6419cc666998c479024fd094",
                "value": 9.27,
                "timestamp": 1679412326011
            },
            {
                "id": "6419cc556998c479024fd059",
                "value": 5.96,
                "timestamp": 1679412309965
            },
            {
                "id": "6419cc4b6998c479024fd034",
                "value": 0.41,
                "timestamp": 1679412299931
            },
            {
                "id": "6419cc686998c479024fd09b",
                "value": 1.82,
                "timestamp": 1679412328017
            },
            {
                "id": "6419cc4e6998c479024fd03f",
                "value": 7.41,
                "timestamp": 1679412302942
            },
            {
                "id": "6419cc616998c479024fd081",
                "value": 0.23,
                "timestamp": 1679412320998
            },
            {
                "id": "6419cc4c6998c479024fd037",
                "value": 4.19,
                "timestamp": 1679412300433
            },
            {
                "id": "6419cc696998c479024fd09f",
                "value": 8.31,
                "timestamp": 1679412329021
            },
            {
                "id": "6419cc536998c479024fd052",
                "value": 5.43,
                "timestamp": 1679412307959
            },
            {
                "id": "6419cc486998c479024fd029",
                "value": 9.44,
                "timestamp": 1679412296920
            },
            {
                "id": "6419cc4a6998c479024fd031",
                "value": 0.09,
                "timestamp": 1679412298928
            },
            {
                "id": "6419cc5d6998c479024fd075",
                "value": 2.33,
                "timestamp": 1679412317485
            },
            {
                "id": "6419cc566998c479024fd05d",
                "value": 2.34,
                "timestamp": 1679412310967
            },
            {
                "id": "6419cc4f6998c479024fd043",
                "value": 5.38,
                "timestamp": 1679412303945
            },
            {
                "id": "6419cc586998c479024fd063",
                "value": 7.55,
                "timestamp": 1679412312471
            },
            {
                "id": "6419cc646998c479024fd08f",
                "value": 6.01,
                "timestamp": 1679412324508
            },
            {
                "id": "6419cc5f6998c479024fd07c",
                "value": 5.99,
                "timestamp": 1679412319492
            },
            {
                "id": "6419cc6c6998c479024fd0aa",
                "value": 6.21,
                "timestamp": 1679412332029
            },
            {
                "id": "6419cc5b6998c479024fd06e",
                "value": 4.04,
                "timestamp": 1679412315479
            },
            {
                "id": "6419cc596998c479024fd066",
                "value": 0.46,
                "timestamp": 1679412313473
            },
            {
                "id": "6419cc556998c479024fd058",
                "value": 6.45,
                "timestamp": 1679412309463
            },
            {
                "id": "6419cc4f6998c479024fd042",
                "value": 2.18,
                "timestamp": 1679412303443
            },
            {
                "id": "6419cc606998c479024fd080",
                "value": 2.16,
                "timestamp": 1679412320496
            },
            {
                "id": "6419cc676998c479024fd097",
                "value": 7.54,
                "timestamp": 1679412327013
            },
            {
                "id": "6419cc496998c479024fd02c",
                "value": 0.6,
                "timestamp": 1679412297421
            },
            {
                "id": "6419cc466998c479024fd021",
                "value": 0.06,
                "timestamp": 1679412294394
            },
            {
                "id": "6419cc646998c479024fd08c",
                "value": 1.06,
                "timestamp": 1679412324007
            },
            {
                "id": "6419cc506998c479024fd047",
                "value": 5.34,
                "timestamp": 1679412304949
            },
            {
                "id": "6419cc676998c479024fd09a",
                "value": 9.73,
                "timestamp": 1679412327514
            },
            {
                "id": "6419cc5b6998c479024fd06f",
                "value": 0.75,
                "timestamp": 1679412315980
            },
            {
                "id": "6419cc4c6998c479024fd038",
                "value": 7.35,
                "timestamp": 1679412300935
            },
            {
                "id": "6419cc696998c479024fd0a1",
                "value": 0.69,
                "timestamp": 1679412329523
            },
            {
                "id": "6419cc5e6998c479024fd07a",
                "value": 2.75,
                "timestamp": 1679412318990
            },
            {
                "id": "6419cc5c6998c479024fd071",
                "value": 4.16,
                "timestamp": 1679412316482
            },
            {
                "id": "6419cc5a6998c479024fd06a",
                "value": 5.62,
                "timestamp": 1679412314476
            },
            {
                "id": "6419cc566998c479024fd05b",
                "value": 2.41,
                "timestamp": 1679412310466
            },
            {
                "id": "6419cc6c6998c479024fd0ac",
                "value": 6.01,
                "timestamp": 1679412332531
            },
            {
                "id": "6419cc576998c479024fd060",
                "value": 4.62,
                "timestamp": 1679412311969
            },
            {
                "id": "6419cc6a6998c479024fd0a2",
                "value": 0.33,
                "timestamp": 1679412330024
            },
            {
                "id": "6419cc526998c479024fd04e",
                "value": 7.8,
                "timestamp": 1679412306956
            },
            {
                "id": "6419cc6b6998c479024fd0a8",
                "value": 8.22,
                "timestamp": 1679412331528
            },
            {
                "id": "6419cc5c6998c479024fd073",
                "value": 4.54,
                "timestamp": 1679412316984
            },
            {
                "id": "6419cc666998c479024fd096",
                "value": 2.67,
                "timestamp": 1679412326512
            },
            {
                "id": "6419cc5d6998c479024fd076",
                "value": 4.46,
                "timestamp": 1679412317986
            },
            {
                "id": "6419cc6a6998c479024fd0a5",
                "value": 3.35,
                "timestamp": 1679412330525
            },
            {
                "id": "6419cc4b6998c479024fd033",
                "value": 4.68,
                "timestamp": 1679412299428
            },
            {
                "id": "6419cc596998c479024fd068",
                "value": 7.2,
                "timestamp": 1679412313974
            },
            {
                "id": "6419cc4d6998c479024fd03a",
                "value": 8.56,
                "timestamp": 1679412301436
            },
            {
                "id": "6419cc626998c479024fd085",
                "value": 9.04,
                "timestamp": 1679412322001
            },
            {
                "id": "6419cc586998c479024fd064",
                "value": 4.75,
                "timestamp": 1679412312972
            },
            {
                "id": "6419cc4e6998c479024fd03e",
                "value": 7.68,
                "timestamp": 1679412302439
            },
            {
                "id": "6419cc636998c479024fd08b",
                "value": 8.78,
                "timestamp": 1679412323505
            },
            {
                "id": "6419cc636998c479024fd089",
                "value": 5.4,
                "timestamp": 1679412323003
            },
            {
                "id": "6419cc686998c479024fd09d",
                "value": 3.52,
                "timestamp": 1679412328518
            },
            {
                "id": "6419cc6e6998c479024fd0b3",
                "value": 6.25,
                "timestamp": 1679412334538
            },
            {
                "id": "6419cc4d6998c479024fd03c",
                "value": 2.95,
                "timestamp": 1679412301937
            },
            {
                "id": "6419cc496998c479024fd02d",
                "value": 7.0,
                "timestamp": 1679412297924
            },
            {
                "id": "6419cc6d6998c479024fd0ad",
                "value": 6.12,
                "timestamp": 1679412333034
            },
            {
                "id": "6419cc486998c479024fd028",
                "value": 7.51,
                "timestamp": 1679412296419
            },
            {
                "id": "6419cc516998c479024fd049",
                "value": 9.58,
                "timestamp": 1679412305451
            },
            {
                "id": "6419cc476998c479024fd026",
                "value": 4.95,
                "timestamp": 1679412295917
            },
            {
                "id": "6419cc466998c479024fd022",
                "value": 0.2,
                "timestamp": 1679412294907
            },
            {
                "id": "6419cc5a6998c479024fd06b",
                "value": 2.9,
                "timestamp": 1679412314977
            },
            {
                "id": "6419cc6d6998c479024fd0b0",
                "value": 8.7,
                "timestamp": 1679412333536
            },
            {
                "id": "6419cc576998c479024fd05f",
                "value": 3.55,
                "timestamp": 1679412311467
            },
            {
                "id": "6419cc546998c479024fd054",
                "value": 6.13,
                "timestamp": 1679412308460
            },
            {
                "id": "6419cc546998c479024fd055",
                "value": 1.98,
                "timestamp": 1679412308961
            },
            {
                "id": "6419cc476998c479024fd024",
                "value": 8.02,
                "timestamp": 1679412295407
            },
            {
                "id": "6419cc506998c479024fd045",
                "value": 7.02,
                "timestamp": 1679412304447
            },
            {
                "id": "6419cc526998c479024fd04d",
                "value": 5.36,
                "timestamp": 1679412306454
            },
            {
                "id": "6419cc626998c479024fd087",
                "value": 1.82,
                "timestamp": 1679412322502
            },
            {
                "id": "6419cc656998c479024fd090",
                "value": 7.64,
                "timestamp": 1679412325008
            }
        ]
    },
    {
        "topicName": "NSI_1_2",
        "data": [
            {
                "id": "6419cc4c6998c479024fd035",
                "value": 8.58,
                "timestamp": 1679412300416
            },
            {
                "id": "6419cc686998c479024fd09c",
                "value": 4.1,
                "timestamp": 1679412328460
            },
            {
                "id": "6419cc586998c479024fd061",
                "value": 7.62,
                "timestamp": 1679412312433
            },
            {
                "id": "6419cc4e6998c479024fd03d",
                "value": 9.49,
                "timestamp": 1679412302420
            },
            {
                "id": "6419cc6a6998c479024fd0a4",
                "value": 6.18,
                "timestamp": 1679412330465
            },
            {
                "id": "6419cc646998c479024fd08e",
                "value": 0.1,
                "timestamp": 1679412324453
            },
            {
                "id": "6419cc576998c479024fd05e",
                "value": 8.14,
                "timestamp": 1679412311432
            },
            {
                "id": "6419cc626998c479024fd086",
                "value": 5.12,
                "timestamp": 1679412322450
            },
            {
                "id": "6419cc486998c479024fd027",
                "value": 0.64,
                "timestamp": 1679412296408
            },
            {
                "id": "6419cc6d6998c479024fd0af",
                "value": 0.77,
                "timestamp": 1679412333472
            },
            {
                "id": "6419cc566998c479024fd05a",
                "value": 0.63,
                "timestamp": 1679412310431
            },
            {
                "id": "6419cc5f6998c479024fd07b",
                "value": 6.65,
                "timestamp": 1679412319446
            },
            {
                "id": "6419cc5c6998c479024fd070",
                "value": 7.82,
                "timestamp": 1679412316441
            },
            {
                "id": "6419cc506998c479024fd044",
                "value": 1.97,
                "timestamp": 1679412304422
            },
            {
                "id": "6419cc606998c479024fd07f",
                "value": 6.99,
                "timestamp": 1679412320448
            },
            {
                "id": "6419cc546998c479024fd053",
                "value": 4.21,
                "timestamp": 1679412308428
            },
            {
                "id": "6419cc636998c479024fd08a",
                "value": 0.51,
                "timestamp": 1679412323451
            },
            {
                "id": "6419cc496998c479024fd02a",
                "value": 1.56,
                "timestamp": 1679412297410
            },
            {
                "id": "6419cc4b6998c479024fd032",
                "value": 5.27,
                "timestamp": 1679412299413
            },
            {
                "id": "6419cc6e6998c479024fd0b2",
                "value": 6.47,
                "timestamp": 1679412334473
            },
            {
                "id": "6419cc656998c479024fd091",
                "value": 2.56,
                "timestamp": 1679412325454
            },
            {
                "id": "6419cc596998c479024fd065",
                "value": 5.12,
                "timestamp": 1679412313437
            },
            {
                "id": "6419cc466998c479024fd020",
                "value": 0.21,
                "timestamp": 1679412294394
            },
            {
                "id": "6419cc5b6998c479024fd06d",
                "value": 2.45,
                "timestamp": 1679412315440
            },
            {
                "id": "6419cc5a6998c479024fd069",
                "value": 1.34,
                "timestamp": 1679412314439
            },
            {
                "id": "6419cc4f6998c479024fd040",
                "value": 2.08,
                "timestamp": 1679412303421
            },
            {
                "id": "6419cc4a6998c479024fd02e",
                "value": 3.07,
                "timestamp": 1679412298412
            },
            {
                "id": "6419cc676998c479024fd099",
                "value": 7.92,
                "timestamp": 1679412327458
            },
            {
                "id": "6419cc5d6998c479024fd074",
                "value": 3.02,
                "timestamp": 1679412317442
            },
            {
                "id": "6419cc6c6998c479024fd0ab",
                "value": 7.12,
                "timestamp": 1679412332469
            },
            {
                "id": "6419cc666998c479024fd095",
                "value": 3.55,
                "timestamp": 1679412326456
            },
            {
                "id": "6419cc536998c479024fd04f",
                "value": 2.34,
                "timestamp": 1679412307427
            },
            {
                "id": "6419cc556998c479024fd056",
                "value": 9.04,
                "timestamp": 1679412309430
            },
            {
                "id": "6419cc616998c479024fd083",
                "value": 1.95,
                "timestamp": 1679412321449
            },
            {
                "id": "6419cc4d6998c479024fd039",
                "value": 7.63,
                "timestamp": 1679412301418
            },
            {
                "id": "6419cc6b6998c479024fd0a7",
                "value": 0.09,
                "timestamp": 1679412331467
            },
            {
                "id": "6419cc696998c479024fd0a0",
                "value": 9.57,
                "timestamp": 1679412329462
            },
            {
                "id": "6419cc476998c479024fd023",
                "value": 8.6,
                "timestamp": 1679412295406
            },
            {
                "id": "6419cc5e6998c479024fd078",
                "value": 4.28,
                "timestamp": 1679412318443
            },
            {
                "id": "6419cc526998c479024fd04b",
                "value": 3.49,
                "timestamp": 1679412306425
            },
            {
                "id": "6419cc516998c479024fd048",
                "value": 1.25,
                "timestamp": 1679412305424
            }
        ]
    }
]